,학명,자생식물명,생육지형,촬영장소,식용여부,취득시기
0,"Neolitsea sericea (Blume) Koidz., 1926.",참식나무,경사지,제주 제주시 수목원길 72,N,08월
1,"Neolitsea sericea (Blume) Koidz., 1926.",참식나무,평지,제주특별자치도 제주시 조천읍 신북로 194,N,07월
95,"Neolitsea sericea (Blume) Koidz., 1926.",참식나무,경사지,제주 제주시 516로 2596,N,08월
96,"Neolitsea sericea (Blume) Koidz., 1926.",참식나무,평지,제주특별자치도 제주시 신대로 101,N,10월
540,"Pittosporum tobira (Thunb.) W. T. Aiton, 1811.",돈나무,평지,제주특별자치도 제주시 제주대학로 102,N,08월
541,"Pittosporum tobira (Thunb.) W. T. Aiton, 1811.",돈나무,평지,제주특별자치도 제주시 노형9길 9-4,N,08월
551,"Pittosporum tobira (Thunb.) W. T. Aiton, 1811.",돈나무,경사지,제주 제주시 수목원길 72,N,07월
605,"Pittosporum tobira (Thunb.) W. T. Aiton, 1811.",돈나무,평지,제주특별자치도 제주시 구좌읍 월정리 1400-33,N,06월
668,"Pittosporum tobira (Thunb.) W. T. Aiton, 1811.",돈나무,평지,제주특별자치도 제주시 아라일동 1,N,06월
1103,"Litsea japonica (Thunb.) Juss., 1801.",까마귀쪽나무,평지,제주 제주시 수목원길 72,Y,11월
1668,"Ficus erecta var. sieboldii (Miq.) King, 1888.",좁은잎천선과,경사지,제주특별자치도 제주시 인다8길 5,Y,08월
1700,"Ficus erecta var. sieboldii (Miq.) King, 1888.",좁은잎천선과,경사지,제주특별자치도 제주시 해안동 산220-2,Y,06월
1705,"Ficus erecta var. sieboldii (Miq.) King, 1888.",좁은잎천선과,평지,제주특별자치도 제주시 인다8길 5,Y,06월
1710,"Ficus erecta var. sieboldii (Miq.) King, 1888.",좁은잎천선과,평지,제주특별자치도 제주시 인다8길 5,Y,08월
1713,"Ficus erecta var. sieboldii (Miq.) King, 1888.",좁은잎천선과,평지,제주특별자치도 제주시 노형9길 9-4,Y,08월
1714,"Ficus erecta var. sieboldii (Miq.) King, 1888.",좁은잎천선과,평지,제주특별자치도 제주시 애월읍 광성로 298-1,Y,08월
2215,"Vitex rotundifolia L. f., 1781.",순비기나무,평지,제주특별자치도 제주시 용남3길 11,N,08월
2404,"Vitex rotundifolia L. f., 1781.",순비기나무,평지,제주특별자치도 제주시 구좌읍 월정3길 53-3,N,07월
2572,"Vitex rotundifolia L. f., 1781.",순비기나무,평지,제주특별자치도 제주시 용담삼동 2572-2,N,08월
2804,"Quercus salicina Blume, 1850.",참가시나무,평지,제주 제주시 수목원길 72,Y,11월
3294,"Castanopsis sieboldii (Makino) Hatus. ex T. Yamaz. & Mashiba, 1971.",구실잣밤나무,평지,제주특별자치도 제주시 구좌읍 만장굴길 182,Y,11월
3841,Ardisia crenata,백량금,평지,제주 제주시 수목원길 72,N,11월
4405,"Hibiscus hamabo Siebold & Zucc., 1841.",황근,평지,제주특별자치도 제주시 애월읍 월각로 563-20,N,10월
4434,"Hibiscus hamabo Siebold & Zucc., 1841.",황근,경사지,제주 제주시 수목원길 72,N,06월
4970,Ilex crenata,꽝꽝나무,평지,제주 제주시 수목원길 72,Y,11월
5538,"Fagopyrum esculentum Moench, 1794.",메밀,평지,제주 제주시 수목원길 72,Y,06월
5540,"Fagopyrum esculentum Moench, 1794.",메밀,평지,제주특별자치도 제주시 우도면 우목길 48,Y,06월
5565,"Fagopyrum esculentum Moench, 1794.",메밀,평지,제주특별자치도 서귀포시 성산읍 일주동로 4330,Y,08월
5570,"Fagopyrum esculentum Moench, 1794.",메밀,평지,제주특별자치도 서귀포시 성산읍 일주동로 4330,Y,07월
5603,"Fagopyrum esculentum Moench, 1794.",메밀,평지,제주특별자치도 서귀포시 안덕면 동광로 126,Y,10월
5640,"Fagopyrum esculentum Moench, 1794.",메밀,평지,제주 서귀포시 안덕면 감산리 1946,Y,07월
5753,"Rhododendron weyrichii Maxim., 1871.",참꽃나무,경사지,제주 제주시 수목원길 72,N,10월
5780,"Rhododendron weyrichii Maxim., 1871.",참꽃나무,평지,제주특별자치도 제주시 인다8길 5,N,05월
5789,"Rhododendron weyrichii Maxim., 1871.",참꽃나무,평지,제주특별자치도 제주시 516로 2596-20,N,05월
5926,"Vitex rotundifolia L. f., 1781.",순비기나무,평지,제주특별자치도 제주시 지석13길 6,N,07월
5927,"Vitex rotundifolia L. f., 1781.",순비기나무,평지,제주특별자치도 제주시 한림읍 금능2길 1,N,07월
5929,"Vitex rotundifolia L. f., 1781.",순비기나무,평지,제주특별자치도 서귀포시 성산읍 고성리 1040-1,N,06월
6145,"Cynanchum wilfordii (Maxim.) Hemsl., 1889.",큰조롱,평지,제주특별자치도 제주시 애월읍 월각로 563-20,Y,10월
6377,Aster spathulifolius Maxim,해국,평지,제주특별자치도 제주시 한경면 판포4길 80,Y,10월
6385,Aster spathulifolius Maxim,해국,평지,제주특별자치도 제주시 인다8길 5,Y,07월
6395,Aster spathulifolius Maxim,해국,평지,제주특별자치도 제주시 인다8길 5,Y,07월
6600,"Hibiscus hamabo Siebold & Zucc., 1841.",황근,경사지,제주특별자치도 제주시 수목원길 72,N,07월
6601,"Hibiscus hamabo Siebold & Zucc., 1841.",황근,평지,제주특별자치도 제주시 제주대학로 102,N,07월
6602,"Hibiscus hamabo Siebold & Zucc., 1841.",황근,평지,제주특별자치도 제주시 애월읍 월각로 563-20,N,07월
6612,"Hibiscus hamabo Siebold & Zucc., 1841.",황근,경사지,제주 제주시 수목원길 72,N,07월
6662,"Hibiscus hamabo Siebold & Zucc., 1841.",황근,평지,제주 제주시 수목원길 72,N,07월
6663,"Hibiscus hamabo Siebold & Zucc., 1841.",황근,평지,제주특별자치도 제주시 제주대학로 102,N,08월
6670,"Hibiscus hamabo Siebold & Zucc., 1841.",황근,평지,제주특별자치도 제주시 제주대학로 102,N,12월
6752,"Elsholtzia hallasanensis Y.N.Lee, 2000.",한라꽃향유,평지,제주특별자치도 서귀포시 상효동 산 86-14,N,10월
6883,"Fagopyrum esculentum Moench, 1794.",메밀,평지,제주 서귀포시 성산읍 성산리 1,Y,10월
0,Fagopyrum esculentum,메밀,평지,제주 제주시 수목원길 72,Y,06월
1,Fagopyrum esculentum,메밀,평지,제주특별자치도 제주시 우도면 우목길 48,Y,06월
2,Fagopyrum esculentum,메밀,평지,제주특별자치도 서귀포시 성산읍 섭지코지로 107,Y,06월
3,Fagopyrum esculentum,메밀,평지,제주특별자치도 서귀포시 성산읍 일주동로 4330,Y,07월
4,Fagopyrum esculentum,메밀,평지,제주특별자치도 서귀포시 성산읍 일주동로 4330,Y,08월
5,Fagopyrum esculentum,메밀,평지,제주특별자치도 서귀포시 안덕면 동광로 126,Y,10월
6,Fagopyrum esculentum,메밀,평지,제주 서귀포시 안덕면 감산리 1946,Y,07월
10,Hamabo mallow,황근,평지,제주특별자치도 제주시 애월읍 월각로 563-20,N,07월
11,Hamabo mallow,황근,경사지,제주특별자치도 제주시 수목원길 72,N,07월
12,Hamabo mallow,황근,경사지,제주 제주시 수목원길 72,N,06월
13,Hamabo mallow,황근,경사지,제주 제주시 수목원길 72,N,07월
14,Hamabo mallow,황근,평지,제주 제주시 수목원길 72,N,07월
15,Hamabo mallow,황근,평지,제주특별자치도 제주시 제주대학로 102,N,07월
16,Hamabo mallow,황근,평지,제주특별자치도 제주시 제주대학로 102,N,08월
17,Hamabo mallow,황근,평지,제주특별자치도 제주시 제주대학로 102,N,12월
18,Cynanchum wilfordii,큰조롱,평지,제주특별자치도 제주시 애월읍 월각로 563-20,Y,10월
19,Rhododendron weyrichii,참꽃나무,경사지,제주 제주시 수목원길 72,N,10월
20,Rhododendron weyrichii,참꽃나무,평지,제주특별자치도 제주시 516로 2596-20,N,05월
21,Rhododendron weyrichii,참꽃나무,평지,제주특별자치도 제주시 인다8길 5,N,05월
22,Litsea japonica (Thunb.) Juss,까마귀쪽나무,평지,제주 제주시 수목원길 72,Y,11월
23,Ficus erecta var.sieboldii (Miq.) King,좁은잎천선과,평지,제주특별자치도 제주시 인다8길 5,Y,06월
24,Ficus erecta var.sieboldii (Miq.) King,좁은잎천선과,경사지,제주특별자치도 제주시 인다8길 5,Y,08월
25,Ficus erecta var.sieboldii (Miq.) King,좁은잎천선과,경사지,제주특별자치도 제주시 해안동 산220-2,Y,06월
26,Ficus erecta var.sieboldii (Miq.) King,좁은잎천선과,평지,제주특별자치도 제주시 인다8길 5,Y,08월
27,Ficus erecta var.sieboldii (Miq.) King,좁은잎천선과,평지,제주특별자치도 제주시 애월읍 광성로 298-1,Y,08월
28,Ficus erecta var.sieboldii (Miq.) King,좁은잎천선과,평지,제주특별자치도 제주시 노형9길 9-4,Y,08월
29,Pittosporum tobira (Thunb.) W. T. Aiton,돈나무,평지,제주특별자치도 제주시 노형9길 9-4,N,08월
30,Pittosporum tobira (Thunb.) W. T. Aiton,돈나무,평지,제주특별자치도 제주시 구좌읍 월정리 1400-33,N,06월
31,Pittosporum tobira (Thunb.) W. T. Aiton,돈나무,경사지,제주 제주시 수목원길 72,N,07월
32,Pittosporum tobira (Thunb.) W. T. Aiton,돈나무,평지,제주특별자치도 제주시 제주대학로 102,N,06월
33,Pittosporum tobira (Thunb.) W. T. Aiton,돈나무,평지,제주특별자치도 제주시 제주대학로 102,N,08월
34,Castanopsis sieboldii (Makino) Hatus. ex T. Yamaz. & Mashiba,구실잣밤나무,평지,제주특별자치도 제주시 구좌읍 만장굴길 182,Y,11월
35,Vitex rotundifolia,순비기나무,평지,제주특별자치도 제주시 용남3길 11,N,08월
36,Vitex rotundifolia,순비기나무,평지,제주특별자치도 제주시 구좌읍 월정3길 53-3,N,07월
37,Vitex rotundifolia,순비기나무,평지,제주특별자치도 제주시 용담삼동 2572-2,N,08월
38,Quercus salicina,참가시나무,평지,제주 제주시 수목원길 72,Y,11월
39,Hamabo mallow,황근,평지,제주특별자치도 제주시 애월읍 월각로 563-20,N,10월
41,Neolitsea sericea (Blume) Koidz,참식나무,평지,제주특별자치도 제주시 조천읍 신북로 194,N,07월
42,Neolitsea sericea (Blume) Koidz,참식나무,경사지,제주 제주시 수목원길 72,N,08월
43,Neolitsea sericea (Blume) Koidz,참식나무,경사지,제주특별자치도 제주시 516로 2596,N,08월
44,Neolitsea sericea (Blume) Koidz,참식나무,평지,제주특별자치도 제주시 신대로 101,N,10월
45,Fagopyrum esculentum,메밀,평지,제주특별자치도 서귀포시 성산읍 일주동로 4330,Y,10월