,학명,자생식물명,생육지형,촬영장소,식용여부,취득시기
0,"Neolitsea sericea (Blume) Koidz., 1926.",참식나무,경사지,한라수목원,N,08월
1,"Neolitsea sericea (Blume) Koidz., 1926.",참식나무,평지,제주특별자치도 제주시 조천읍,N,07월
95,"Neolitsea sericea (Blume) Koidz., 1926.",참식나무,경사지,한라생태숲,N,08월
96,"Neolitsea sericea (Blume) Koidz., 1926.",참식나무,평지,연동,N,10월
540,"Pittosporum tobira (Thunb.) W. T. Aiton, 1811.",돈나무,평지,제주대학교,N,08월
541,"Pittosporum tobira (Thunb.) W. T. Aiton, 1811.",돈나무,평지,제주특별자치도 제주시 노형동,N,08월
551,"Pittosporum tobira (Thunb.) W. T. Aiton, 1811.",돈나무,경사지,한라수목원,N,07월
605,"Pittosporum tobira (Thunb.) W. T. Aiton, 1811.",돈나무,평지,월정투명카약주차장,N,06월
668,"Pittosporum tobira (Thunb.) W. T. Aiton, 1811.",돈나무,평지,제주대 공과대학3호관,N,06월
1103,"Litsea japonica (Thunb.) Juss., 1801.",까마귀쪽나무,평지,한라수목원,Y,11월
1668,"Ficus erecta var. sieboldii (Miq.) King, 1888.",좁은잎천선과,경사지,제주특별자치도 제주시 오등동,Y,08월
1700,"Ficus erecta var. sieboldii (Miq.) King, 1888.",좁은잎천선과,경사지,한라산 어리목 주차장,Y,06월
1705,"Ficus erecta var. sieboldii (Miq.) King, 1888.",좁은잎천선과,평지,제주시 오등동,Y,06월
1710,"Ficus erecta var. sieboldii (Miq.) King, 1888.",좁은잎천선과,평지,제주특별자치도 제주시 오등동,Y,08월
1713,"Ficus erecta var. sieboldii (Miq.) King, 1888.",좁은잎천선과,평지,제주특별자치도 제주시 노형동,Y,08월
1714,"Ficus erecta var. sieboldii (Miq.) King, 1888.",좁은잎천선과,평지,무수천,Y,08월
2215,"Vitex rotundifolia L. f., 1781.",순비기나무,평지,제주특별자치도 제주시 용담동,N,08월
2404,"Vitex rotundifolia L. f., 1781.",순비기나무,평지,제주특별자치도 제주시 구좌읍 월정리,N,07월
2572,"Vitex rotundifolia L. f., 1781.",순비기나무,평지,용담해안도로,N,08월
2804,"Quercus salicina Blume, 1850.",참가시나무,평지,한라수목원,Y,11월
3294,"Castanopsis sieboldii (Makino) Hatus. ex T. Yamaz. & Mashiba, 1971.",구실잣밤나무,평지,만장굴,Y,11월
3841,Ardisia crenata,백량금,평지,한라수목원,N,11월
4405,"Hibiscus hamabo Siebold & Zucc., 1841.",황근,평지,농산물원종장,N,10월
4434,"Hibiscus hamabo Siebold & Zucc., 1841.",황근,경사지,한라수목원,N,06월
4970,Ilex crenata,꽝꽝나무,평지,한라수목원,Y,11월
5538,"Fagopyrum esculentum Moench, 1794.",메밀,평지,한라수목원,Y,06월
5540,"Fagopyrum esculentum Moench, 1794.",메밀,평지,서귀포시 안덕면 서광리,Y,06월
5565,"Fagopyrum esculentum Moench, 1794.",메밀,평지,제주특별자치도 서귀포시 성산읍,Y,08월
5570,"Fagopyrum esculentum Moench, 1794.",메밀,평지,제주특별자치도 서귀포시 성산읍,Y,07월
5603,"Fagopyrum esculentum Moench, 1794.",메밀,평지,동광리,Y,10월
5640,"Fagopyrum esculentum Moench, 1794.",메밀,평지,안덕계곡,Y,07월
5753,"Rhododendron weyrichii Maxim., 1871.",참꽃나무,경사지,한라수목원,N,10월
5780,"Rhododendron weyrichii Maxim., 1871.",참꽃나무,평지,제주시 아라일동,N,05월
5789,"Rhododendron weyrichii Maxim., 1871.",참꽃나무,평지,한라생태숲 목련총림,N,05월
5926,"Vitex rotundifolia L. f., 1781.",순비기나무,평지,제주특별자치도 제주시 삼양동,N,07월
5927,"Vitex rotundifolia L. f., 1781.",순비기나무,평지,제주특별자치도 제주시 한림읍 협재리,N,07월
5929,"Vitex rotundifolia L. f., 1781.",순비기나무,평지,섭지코지,N,06월
6145,"Cynanchum wilfordii (Maxim.) Hemsl., 1889.",큰조롱,평지,농산물원종장,Y,10월
6377,Aster spathulifolius Maxim,해국,평지,판포리,Y,10월
6385,Aster spathulifolius Maxim,해국,평지,제주특별자치도 제주시 영평동,Y,07월
6395,Aster spathulifolius Maxim,해국,평지,첨단입구 교차로,Y,07월
6600,"Hibiscus hamabo Siebold & Zucc., 1841.",황근,경사지,한라수목원 자연생태학습관,N,07월
6601,"Hibiscus hamabo Siebold & Zucc., 1841.",황근,평지,제주대학교,N,07월
6602,"Hibiscus hamabo Siebold & Zucc., 1841.",황근,평지,농산물원종장,N,07월
6612,"Hibiscus hamabo Siebold & Zucc., 1841.",황근,경사지,한라수목원,N,07월
6662,"Hibiscus hamabo Siebold & Zucc., 1841.",황근,평지,한라수목원,N,07월
6663,"Hibiscus hamabo Siebold & Zucc., 1841.",황근,평지,제주대학교,N,08월
6670,"Hibiscus hamabo Siebold & Zucc., 1841.",황근,평지,제주대학교,N,12월
6752,"Elsholtzia hallasanensis Y.N.Lee, 2000.",한라꽃향유,평지,선덕사,N,10월
6883,"Fagopyrum esculentum Moench, 1794.",메밀,평지,성산,Y,10월
0,Fagopyrum esculentum,메밀,평지,한라수목원,Y,06월
1,Fagopyrum esculentum,메밀,평지,서귀포시 안덕면 서광리,Y,06월
2,Fagopyrum esculentum,메밀,평지,휘닉스,Y,06월
3,Fagopyrum esculentum,메밀,평지,제주특별자치도 서귀포시 성산읍,Y,07월
4,Fagopyrum esculentum,메밀,평지,제주특별자치도 서귀포시 성산읍,Y,08월
5,Fagopyrum esculentum,메밀,평지,동광리,Y,10월
6,Fagopyrum esculentum,메밀,평지,안덕계곡,Y,07월
10,Hamabo mallow,황근,평지,농산물원종장,N,07월
11,Hamabo mallow,황근,경사지,한라수목원 자연생태학습관,N,07월
12,Hamabo mallow,황근,경사지,한라수목원,N,06월
13,Hamabo mallow,황근,경사지,한라수목원,N,07월
14,Hamabo mallow,황근,평지,한라수목원,N,07월
15,Hamabo mallow,황근,평지,제주대학교,N,07월
16,Hamabo mallow,황근,평지,제주대학교,N,08월
17,Hamabo mallow,황근,평지,제주대학교,N,12월
18,Cynanchum wilfordii,큰조롱,평지,농산물원종장,Y,10월
19,Rhododendron weyrichii,참꽃나무,경사지,한라수목원,N,10월
20,Rhododendron weyrichii,참꽃나무,평지,한라생태숲 목련총림,N,05월
21,Rhododendron weyrichii,참꽃나무,평지,제주시 아라일동,N,05월
22,Litsea japonica (Thunb.) Juss,까마귀쪽나무,평지,한라수목원,Y,11월
23,Ficus erecta var.sieboldii (Miq.) King,좁은잎천선과,평지,제주시 오등동,Y,06월
24,Ficus erecta var.sieboldii (Miq.) King,좁은잎천선과,경사지,제주특별자치도 제주시 오등동,Y,08월
25,Ficus erecta var.sieboldii (Miq.) King,좁은잎천선과,경사지,한라산 어리목 주차장,Y,06월
26,Ficus erecta var.sieboldii (Miq.) King,좁은잎천선과,평지,제주특별자치도 제주시 오등동,Y,08월
27,Ficus erecta var.sieboldii (Miq.) King,좁은잎천선과,평지,무수천,Y,08월
28,Ficus erecta var.sieboldii (Miq.) King,좁은잎천선과,평지,제주특별자치도 제주시 노형동,Y,08월
29,Pittosporum tobira (Thunb.) W. T. Aiton,돈나무,평지,제주특별자치도 제주시 노형동,N,08월
30,Pittosporum tobira (Thunb.) W. T. Aiton,돈나무,평지,월정투명카약주차장,N,06월
31,Pittosporum tobira (Thunb.) W. T. Aiton,돈나무,경사지,한라수목원,N,07월
32,Pittosporum tobira (Thunb.) W. T. Aiton,돈나무,평지,제주대 공과대학3호관,N,06월
33,Pittosporum tobira (Thunb.) W. T. Aiton,돈나무,평지,제주대학교,N,08월
34,Castanopsis sieboldii (Makino) Hatus. ex T. Yamaz. & Mashiba,구실잣밤나무,평지,만장굴,Y,11월
35,Vitex rotundifolia,순비기나무,평지,제주특별자치도 제주시 용담동,N,08월
36,Vitex rotundifolia,순비기나무,평지,제주특별자치도 제주시 구좌읍 월정리,N,07월
37,Vitex rotundifolia,순비기나무,평지,용담해안도로,N,08월
38,Quercus salicina,참가시나무,평지,한라수목원,Y,11월
39,Hamabo mallow,황근,평지,농산물원종장,N,10월
41,Neolitsea sericea (Blume) Koidz,참식나무,평지,제주특별자치도 제주시 조천읍,N,07월
42,Neolitsea sericea (Blume) Koidz,참식나무,경사지,한라수목원,N,08월
43,Neolitsea sericea (Blume) Koidz,참식나무,경사지,한라생태숲,N,08월
44,Neolitsea sericea (Blume) Koidz,참식나무,평지,연동,N,10월
45,Fagopyrum esculentum,메밀,평지,성산,Y,10월
