,학명,자생식물명,생육지형,촬영장소,식용여부,취득시기
0,Fagopyrum esculentum,메밀,평지,한라수목원,Y,06월
1,Fagopyrum esculentum,메밀,평지,서귀포시 안덕면 서광리,Y,06월
3,Fagopyrum esculentum,메밀,평지,휘닉스,Y,06월
73,Fagopyrum esculentum,메밀,평지,제주특별자치도 서귀포시 성산읍,Y,07월
114,Fagopyrum esculentum,메밀,평지,제주특별자치도 서귀포시 성산읍,Y,08월
154,Fagopyrum esculentum,메밀,평지,동광리,Y,10월
171,Fagopyrum esculentum,메밀,평지,안덕계곡,Y,07월
550,Aster spathulifolius Maxim,해국,평지,제주특별자치도 제주시 영평동,Y,07월
552,Aster spathulifolius Maxim,해국,평지,첨단입구 교차로,Y,07월
563,Aster spathulifolius Maxim,해국,평지,판포리,Y,10월
1117,Hamabo mallow,황근,평지,농산물원종장,N,07월
1119,Hamabo mallow,황근,경사지,한라수목원 자연생태학습관,N,07월
1121,Hamabo mallow,황근,경사지,한라수목원,N,06월
1124,Hamabo mallow,황근,경사지,한라수목원,N,07월
1134,Hamabo mallow,황근,평지,한라수목원,N,07월
1295,Hamabo mallow,황근,평지,제주대학교,N,07월
1383,Hamabo mallow,황근,평지,제주대학교,N,08월
1438,Hamabo mallow,황근,평지,제주대학교,N,12월
1685,Cynanchum wilfordii,큰조롱,평지,농산물원종장,Y,10월
2252,Rhododendron weyrichii,참꽃나무,경사지,한라수목원,N,10월
2260,Rhododendron weyrichii,참꽃나무,평지,한라생태숲 목련총림,N,05월
2270,Rhododendron weyrichii,참꽃나무,평지,제주시 아라일동,N,05월
2803,Litsea japonica (Thunb.) Juss,까마귀쪽나무,평지,한라수목원,Y,11월
3368,Ficus erecta var.sieboldii (Miq.) King,좁은잎천선과,평지,제주시 오등동,Y,06월
3369,Ficus erecta var.sieboldii (Miq.) King,좁은잎천선과,경사지,제주특별자치도 제주시 오등동,Y,08월
3371,Ficus erecta var.sieboldii (Miq.) King,좁은잎천선과,경사지,한라산 어리목 주차장,Y,06월
3530,Ficus erecta var.sieboldii (Miq.) King,좁은잎천선과,평지,제주특별자치도 제주시 오등동,Y,08월
3567,Ficus erecta var.sieboldii (Miq.) King,좁은잎천선과,평지,무수천,Y,08월
3644,Ficus erecta var.sieboldii (Miq.) King,좁은잎천선과,평지,제주특별자치도 제주시 노형동,Y,08월
3927,Pittosporum tobira (Thunb.) W. T. Aiton,돈나무,평지,제주특별자치도 제주시 노형동,N,08월
3934,Pittosporum tobira (Thunb.) W. T. Aiton,돈나무,평지,월정투명카약주차장,N,06월
3936,Pittosporum tobira (Thunb.) W. T. Aiton,돈나무,경사지,한라수목원,N,07월
3955,Pittosporum tobira (Thunb.) W. T. Aiton,돈나무,평지,제주대 공과대학3호관,N,06월
4030,Pittosporum tobira (Thunb.) W. T. Aiton,돈나무,평지,제주대학교,N,08월
4490,Castanopsis sieboldii (Makino) Hatus. ex T. Yamaz. & Mashiba,구실잣밤나무,평지,만장굴,Y,11월
5037,Vitex rotundifolia,순비기나무,평지,제주특별자치도 제주시 용담동,N,08월
5051,Vitex rotundifolia,순비기나무,평지,제주특별자치도 제주시 구좌읍 월정리,N,07월
5422,Vitex rotundifolia,순비기나무,평지,용담해안도로,N,08월
5626,Quercus salicina,참가시나무,평지,한라수목원,Y,11월
6135,Hamabo mallow,황근,평지,농산물원종장,N,10월
6699,Ardisia crenata,백량금,평지,한라수목원,N,11월
7263,Neolitsea sericea (Blume) Koidz,참식나무,평지,제주특별자치도 제주시 조천읍,N,07월
7266,Neolitsea sericea (Blume) Koidz,참식나무,경사지,한라수목원,N,08월
7445,Neolitsea sericea (Blume) Koidz,참식나무,경사지,한라생태숲,N,08월
7570,Neolitsea sericea (Blume) Koidz,참식나무,평지,연동,N,10월
7803,Fagopyrum esculentum,메밀,평지,성산,Y,10월
