﻿번호,대상 구분,아이디,농가명,시군구,읍면동,주소,상세주소,위도,경도,토지면적,와이파이설비 여부,전원설비 여부
1,1340100001,1,남원농가,서귀포시,남원읍,제주특별자치도 서귀포시 남원읍 신흥리 841-1,,33.301765,126.751244,2500,Y,Y
2,1340100002,2,귤낭밭농원,제주시,화북동,제주특별자치도 제주시 화북이동 5489-2,,33.322098,126.755608,3200,Y,Y
3,1340100003,3,봉아름농장,제주시,회천동,제주특별자치도 제주시 회천동 2684,,33.494034,126.554565,7800,N,Y
4,1340100004,4,규리네농원,제주시,조천읍,제주특별자치도 제주시 조천읍 신촌리 216,,33.515385,126.605324,3000,N,Y
5,1340100005,5,대포동농가,서귀포시,대포동,제주특별자치도 서귀포시 대포동 270,,33.354404,126.853226,3200,N,Y
6,1340100006,6,망골과수원,서귀포시,하원동,제주특별자치도 서귀포시 하원동 1286-1,,33.504074,126.598412,965,N,Y
7,1340100007,7,신촌농가,서귀포시,하예동,제주특별자치도 서귀포시 하예동 1029-1,,33.513592,126.631851,1540,N,Y
8,1340100008,8,산들파머,서귀포시,남원읍,제주특별자치도 서귀포시 남원읍 신흥리 519,,33.278969,126.367989,2350,N,Y
9,1340100009,9,봉봉팜스,제주시,조천읍,제주특별자치도 제주시 조천읍 대흘리 2778-4,,33.325153,126.7435,426000,Y,Y
10,1340100010,10,안덕면농가,서귀포시,안덕면,제주특별자치도 서귀포시 안덕면 덕수리 2716,,33.271568,126.614944,3400,N,Y
11,1340100011,11,부부농장,서귀포시,성산읍,제주특별자치도 서귀포시 성산읍 신천리 657-1,,33.334724,126.826057,3600,N,Y
12,1340100012,12,상효농가,서귀포시,신효동,제주특별자치도 서귀포시 신효동 275-1,,33.278427,126.615036,787,N,Y
13,1340100013,13,무기명농가,서귀포시,대포동,제주특별자치도 서귀포시 대포동 1045-1,,33.267723,126.448456,2900,Y,Y
14,1340100014,14,무기명농가,서귀포시,남원읍,제주특별자치도 서귀포시 남원읍 수망리 179-1,,33.24847,126.446114,1940,N,Y
15,1340100015,15,은혜농장,서귀포시,남원읍,제주특별자치도 서귀포시 남원읍 신례리 883-2,,33.257206,126.455849,2400,N,Y
16,1340100016,16,훈이농장,서귀포시,남원읍,제주특별자치도 서귀포시 남원읍 신례리 1702,,33.242012,126.380173,3500,Y,Y
17,1340100017,17,무기명농가,서귀포시,남원읍,제주특별자치도 서귀포시 남원읍 수망리 242,,33.327492,126.721321,2240,N,Y
18,1340100018,18,온새미농장,서귀포시,중문동,제주특별자치도 서귀포시 중문동 906,,33.313972,126.762779,7620,Y,Y
19,1340100019,19,창조,서귀포시,회수동,제주특별자치도 서귀포시 회수동 234-1,,33.299995,126.629791,9800,N,Y
20,1340100020,20,효우농장,서귀포시,성산읍,제주특별자치도 서귀포시 성산읍 신천리 758-1,,33.435211,126.344612,8044,N,Y
21,1340100021,21,돌코랑농장,서귀포시,남원읍,제주특별자치도 서귀포시 남원읍 태흥리 185-1,,33.337627,126.610199,5000,N,Y
22,1340100022,22,퐁낭농원,제주시,삼양동,제주특별자치도 제주시 삼양일동 415,,33.506042,126.642448,6200,N,Y
23,1340100023,23,남원농가,서귀포시,안덕면,제주특별자치도 서귀포시 안덕면 상창리 371-2,,33.326878,126.713615,1300,N,Y
24,1340100024,24,세븐농원,서귀포시,남원읍,제주특별자치도 서귀포시 남원읍 신흥리 1799,,33.310963,126.726318,11600,Y,Y
25,1340100025,25,감귤정원,서귀포시,표선면,제주특별자치도 서귀포시 표선면 표선리 1844-1,,33.236855,126.376244,1120,Y,Y
26,1340100026,26,샛별한라봉농장,서귀포시,상효동,제주특별자치도 서귀포시 상효동 11-1,,33.306034,126.658089,5300,N,Y
27,1340100027,27,달빛가애 농장,제주시,애월읍,제주특별자치도 제주시 애월읍 상가리 산11-4,,33.263222,126.301018,9000,N,Y
28,1340100028,28,현우네 감귤,서귀포시,남원읍,제주특별자치도 서귀포시 남원읍 의귀리 403,,33.267059,126.433563,10000,Y,Y
29,1340100029,29,난드르해수,서귀포시,하예동,제주특별자치도 서귀포시 하예동 1645,,33.271103,126.44664,9850,N,Y
30,1340100030,30,위미 4225,서귀포시,남원읍,제주특별자치도 서귀포시 남원읍 위미리 4225,,33.355137,126.848625,2500,N,Y
